date,revenue,pizzas_sold,orders,avg_pizza_price,unique_pizza_types,lunch_orders,dinner_orders,day_of_week,month,day_of_month,is_weekend,avg_order_value,revenue_lag_1,orders_lag_1,revenue_lag_7,orders_lag_7,revenue_lag_14,orders_lag_14,revenue_7d_avg,orders_7d_avg,pizzas_sold_7d_avg
2015-01-15,1984.8,123,62,16.13658536585366,29,53,42,3,1,15,0,32.012903225806454,2527.4,62.0,2838.35,72.0,2713.85,69.0,2256.8571428571427,59.42857142857143,135.85714285714286
2015-01-16,2594.15,158,67,16.36064516129032,30,54,74,4,1,16,0,38.71865671641791,1984.8,62.0,2127.35,62.0,2731.9,67.0,2134.921428571429,58.0,128.71428571428572
2015-01-17,2064.1,125,55,16.540573770491804,30,36,67,5,1,17,1,37.529090909090904,2594.15,67.0,2463.95,65.0,2662.4,66.0,2201.6071428571427,58.714285714285715,133.14285714285714
2015-01-18,1976.85,122,51,16.219747899159664,31,47,50,6,1,18,1,38.76176470588235,2064.1,55.0,1872.3,52.0,1755.45,52.0,2144.485714285714,57.285714285714285,130.14285714285714
2015-01-19,2387.15,142,56,16.747841726618702,31,68,54,0,1,19,0,42.627678571428575,1976.85,51.0,1919.05,55.0,2065.95,54.0,2159.421428571429,57.142857142857146,131.0
2015-01-20,2397.9,143,64,16.720503597122303,32,70,47,1,1,20,0,37.4671875,2387.15,56.0,2049.6,48.0,2428.95,64.0,2226.2928571428574,57.285714285714285,134.28571428571428
2015-01-21,2040.55,129,51,15.764566929133858,32,46,49,2,1,21,0,40.01078431372549,2397.9,64.0,2527.4,62.0,2202.2,58.0,2276.05,59.57142857142857,137.57142857142858
2015-01-22,2496.7,158,68,15.80290322580645,29,71,65,3,1,22,0,36.71617647058823,2040.55,51.0,1984.8,62.0,2838.35,72.0,2206.5,58.0,134.57142857142858
2015-01-23,2423.7,152,69,15.939597315436242,30,55,70,4,1,23,0,35.12608695652174,2496.7,68.0,2594.15,67.0,2127.35,62.0,2279.6285714285714,58.857142857142854,139.57142857142858
2015-01-24,2289.25,142,63,16.121478873239436,32,31,88,5,1,24,1,36.33730158730159,2423.7,69.0,2064.1,55.0,2463.95,65.0,2255.2785714285715,59.142857142857146,138.71428571428572
2015-01-25,1617.55,102,44,15.89158415841584,30,38,43,6,1,25,1,36.762499999999996,2289.25,63.0,1976.85,51.0,1872.3,52.0,2287.442857142857,60.285714285714285,141.14285714285714
2015-01-26,1884.4,113,55,16.676106194690266,32,63,28,0,1,26,0,34.261818181818185,1617.55,44.0,2387.15,56.0,1919.05,55.0,2236.114285714286,59.285714285714285,138.28571428571428
2015-01-27,2528.05,151,66,16.691610738255036,32,53,69,1,1,27,0,38.30378787878788,1884.4,55.0,2397.9,64.0,2049.6,48.0,2164.292857142857,59.142857142857146,134.14285714285714
2015-01-28,2016.0,118,51,17.058189655172413,30,61,32,2,1,28,0,39.529411764705884,2528.05,66.0,2040.55,51.0,2527.4,62.0,2182.8857142857146,59.42857142857143,135.28571428571428
2015-01-29,2045.3,119,58,17.076521739130435,30,56,44,3,1,29,0,35.26379310344827,2016.0,51.0,2496.7,68.0,1984.8,62.0,2179.378571428572,59.42857142857143,133.71428571428572
2015-01-30,2270.3,138,65,16.45144927536232,32,48,70,4,1,30,0,34.92769230769231,2045.3,58.0,2423.7,69.0,2594.15,67.0,2114.8928571428573,58.0,128.14285714285714
2015-01-31,2417.85,145,54,16.624825174825173,31,38,78,5,1,31,1,44.775,2270.3,65.0,2289.25,63.0,2064.1,55.0,2092.9785714285713,57.42857142857143,126.14285714285714
2015-02-01,3189.2,191,87,16.78031914893617,31,58,80,6,2,1,1,36.657471264367814,2417.85,54.0,1617.55,44.0,1976.85,51.0,2111.35,56.142857142857146,126.57142857142857
2015-02-02,2328.6,145,63,16.088111888111886,32,59,48,0,2,2,0,36.96190476190476,3189.2,87.0,1884.4,55.0,2387.15,56.0,2335.8714285714286,62.285714285714285,139.28571428571428
2015-02-03,2614.8,159,62,16.502614379084967,32,81,55,1,2,3,0,42.1741935483871,2328.6,63.0,2528.05,66.0,2397.9,64.0,2399.328571428571,63.42857142857143,143.85714285714286
2015-02-04,2233.9,138,57,16.184814814814814,31,61,56,2,2,4,0,39.19122807017544,2614.8,62.0,2016.0,51.0,2040.55,51.0,2411.721428571429,62.857142857142854,145.0
2015-02-05,2215.8,133,60,16.674621212121213,31,57,64,3,2,5,0,36.93,2233.9,57.0,2045.3,58.0,2496.7,68.0,2442.85,63.714285714285715,147.85714285714286
2015-02-06,2509.95,153,66,16.433881578947368,32,71,64,4,2,6,0,38.02954545454545,2215.8,60.0,2270.3,65.0,2423.7,69.0,2467.207142857143,64.0,149.85714285714286
2015-02-07,2237.65,136,61,16.45111111111111,28,24,77,5,2,7,1,36.6827868852459,2509.95,66.0,2417.85,54.0,2289.25,63.0,2501.4428571428575,64.14285714285714,152.0
2015-02-08,2035.0,124,53,16.452868852459016,31,42,55,6,2,8,1,38.39622641509434,2237.65,61.0,3189.2,87.0,1617.55,44.0,2475.7000000000003,65.14285714285714,150.71428571428572
2015-02-09,2195.35,136,54,16.138805970149253,30,56,57,0,2,9,0,40.654629629629625,2035.0,53.0,2328.6,63.0,1884.4,55.0,2310.8142857142857,60.285714285714285,141.14285714285714
2015-02-10,2056.5,124,59,16.58606557377049,31,61,48,1,2,10,0,34.855932203389834,2195.35,54.0,2614.8,62.0,2528.05,66.0,2291.7785714285715,59.0,139.85714285714286
2015-02-11,2460.0,155,69,15.90953947368421,31,59,84,2,2,11,0,35.65217391304348,2056.5,59.0,2233.9,57.0,2016.0,51.0,2212.0214285714287,58.57142857142857,134.85714285714286
2015-02-12,2158.8,130,58,16.60472440944882,31,63,34,3,2,12,0,37.220689655172414,2460.0,69.0,2215.8,60.0,2045.3,58.0,2244.3214285714284,60.285714285714285,137.28571428571428
2015-02-13,2754.5,163,71,16.8828125,31,60,66,4,2,13,0,38.79577464788732,2158.8,58.0,2509.95,66.0,2270.3,65.0,2236.1785714285716,60.0,136.85714285714286
2015-02-14,2319.15,140,57,16.61970802919708,32,29,85,5,2,14,1,40.68684210526316,2754.5,71.0,2237.65,61.0,2417.85,54.0,2271.114285714286,60.714285714285715,138.28571428571428
2015-02-15,2141.25,128,55,16.728515625,30,36,78,6,2,15,1,38.93181818181818,2319.15,57.0,2035.0,53.0,3189.2,87.0,2282.757142857143,60.142857142857146,138.85714285714286
2015-02-16,1968.8,119,49,16.508898305084745,31,57,46,0,2,16,0,40.179591836734694,2141.25,55.0,2195.35,54.0,2328.6,63.0,2297.9357142857143,60.42857142857143,139.42857142857142
2015-02-17,2121.9,129,61,16.415234375,30,58,47,1,2,17,0,34.78524590163934,1968.8,49.0,2056.5,59.0,2614.8,62.0,2265.5714285714284,59.714285714285715,137.0
2015-02-18,2642.85,163,61,16.235,32,61,76,2,2,18,0,43.325409836065575,2121.9,61.0,2460.0,69.0,2233.9,57.0,2274.914285714286,60.0,137.71428571428572
2015-02-19,2030.25,123,56,16.53893442622951,30,58,49,3,2,19,0,36.254464285714285,2642.85,61.0,2158.8,58.0,2215.8,60.0,2301.035714285714,58.857142857142854,138.85714285714286
2015-02-20,2891.15,175,73,16.51863905325444,32,73,67,4,2,20,0,39.60479452054795,2030.25,56.0,2754.5,71.0,2509.95,66.0,2282.6714285714284,58.57142857142857,137.85714285714286
2015-02-21,2111.0,127,56,16.615322580645163,30,39,48,5,2,21,1,37.69642857142857,2891.15,73.0,2319.15,57.0,2237.65,61.0,2302.192857142857,58.857142857142854,139.57142857142858
2015-02-22,1579.95,97,37,16.238709677419354,28,27,34,6,2,22,1,42.701351351351356,2111.0,56.0,2141.25,55.0,2035.0,53.0,2272.457142857143,58.714285714285715,137.71428571428572
2015-02-23,2168.55,128,54,16.884400000000003,32,54,54,0,2,23,0,40.15833333333334,1579.95,37.0,1968.8,49.0,2195.35,54.0,2192.2714285714287,56.142857142857146,133.28571428571428
2015-02-24,2194.55,134,58,16.428409090909092,31,55,59,1,2,24,0,37.83706896551725,2168.55,54.0,2121.9,61.0,2056.5,59.0,2220.807142857143,56.857142857142854,134.57142857142858
2015-02-25,2341.3,144,63,16.289716312056736,30,62,53,2,2,25,0,37.163492063492065,2194.55,58.0,2642.85,61.0,2460.0,69.0,2231.1857142857143,56.42857142857143,135.28571428571428
2015-02-26,2261.3,140,55,16.133088235294117,30,62,49,3,2,26,0,41.11454545454546,2341.3,63.0,2030.25,56.0,2158.8,58.0,2188.1071428571427,56.714285714285715,132.57142857142858
2015-02-27,2857.95,173,71,16.518713450292395,30,66,82,4,2,27,0,40.25281690140845,2261.3,55.0,2891.15,73.0,2754.5,71.0,2221.114285714286,56.57142857142857,135.0
2015-02-28,2539.6,154,59,16.477777777777778,32,44,90,5,2,28,1,43.044067796610165,2857.95,71.0,2111.0,56.0,2319.15,57.0,2216.371428571429,56.285714285714285,134.71428571428572
2015-03-01,1598.55,99,49,16.146969696969695,29,29,51,6,3,1,1,32.6234693877551,2539.6,59.0,1579.95,37.0,2141.25,55.0,2277.6,56.714285714285715,138.57142857142858
2015-03-02,2379.05,139,58,17.12355072463768,32,58,55,0,3,2,0,41.018103448275866,1598.55,49.0,2168.55,54.0,1968.8,49.0,2280.257142857143,58.42857142857143,138.85714285714286
2015-03-03,2287.9,137,53,16.65714285714286,32,67,48,1,3,3,0,43.16792452830189,2379.05,58.0,2194.55,58.0,2121.9,61.0,2310.328571428571,59.0,140.42857142857142
2015-03-04,2444.3,147,59,16.616666666666667,30,70,58,2,3,4,0,41.42881355932204,2287.9,53.0,2341.3,63.0,2642.85,61.0,2323.6642857142856,58.285714285714285,140.85714285714286
2015-03-05,2350.65,142,64,16.556428571428572,30,67,47,3,3,5,0,36.72890625,2444.3,59.0,2261.3,55.0,2030.25,56.0,2338.3785714285714,57.714285714285715,141.28571428571428
2015-03-06,2513.95,152,66,16.60379310344828,32,53,70,4,3,6,0,38.09015151515151,2350.65,64.0,2857.95,71.0,2891.15,73.0,2351.1428571428573,59.0,141.57142857142858
2015-03-07,2400.45,144,58,16.67589928057554,31,32,67,5,3,7,1,41.38706896551724,2513.95,66.0,2539.6,59.0,2111.0,56.0,2302.0,58.285714285714285,138.57142857142858
2015-03-08,2188.15,135,62,16.270075757575757,31,40,67,6,3,8,1,35.292741935483875,2400.45,58.0,1598.55,49.0,1579.95,37.0,2282.1214285714286,58.142857142857146,137.14285714285714
2015-03-09,2334.55,138,56,16.921323529411765,32,56,60,0,3,9,0,41.68839285714286,2188.15,62.0,2379.05,58.0,2168.55,54.0,2366.35,60.0,142.28571428571428
2015-03-10,2388.7,144,59,16.58239436619718,31,74,49,1,3,10,0,40.4864406779661,2334.55,56.0,2287.9,53.0,2194.55,58.0,2359.9928571428572,59.714285714285715,142.14285714285714
2015-03-11,2207.7,134,62,16.47689393939394,31,62,39,2,3,11,0,35.608064516129026,2388.7,59.0,2444.3,59.0,2341.3,63.0,2374.3928571428573,60.57142857142857,143.14285714285714
2015-03-12,1994.9,119,51,16.76217391304348,32,51,36,3,3,12,0,39.115686274509805,2207.7,62.0,2350.65,64.0,2261.3,55.0,2340.5928571428567,61.0,141.28571428571428
2015-03-13,2786.65,176,71,15.850578034682082,31,60,96,4,3,13,0,39.248591549295774,1994.9,51.0,2513.95,66.0,2857.95,71.0,2289.7714285714287,59.142857142857146,138.0
2015-03-14,2039.45,123,56,16.61844262295082,31,45,51,5,3,14,1,36.41875,2786.65,71.0,2400.45,58.0,2539.6,59.0,2328.7285714285713,59.857142857142854,141.42857142857142
2015-03-15,2068.6,131,49,15.876209677419356,31,41,42,6,3,15,1,42.21632653061224,2039.45,56.0,2188.15,62.0,1598.55,49.0,2277.157142857143,59.57142857142857,138.42857142857142
2015-03-16,2295.05,141,66,16.246785714285714,31,61,55,0,3,16,0,34.77348484848485,2068.6,49.0,2334.55,56.0,2379.05,58.0,2260.078571428571,57.714285714285715,137.85714285714286
2015-03-17,2965.3,179,71,16.59403409090909,31,61,86,1,3,17,0,41.76478873239437,2295.05,66.0,2388.7,59.0,2287.9,53.0,2254.4357142857143,59.142857142857146,138.28571428571428
2015-03-18,2075.4,123,62,16.85,31,52,57,2,3,18,0,33.4741935483871,2965.3,71.0,2207.7,62.0,2444.3,59.0,2336.807142857143,60.857142857142854,143.28571428571428
2015-03-19,2388.6,144,58,16.614335664335663,32,63,63,3,3,19,0,41.182758620689654,2075.4,62.0,1994.9,51.0,2350.65,64.0,2317.907142857143,60.857142857142854,141.71428571428572
2015-03-20,2461.25,149,66,16.51858108108108,30,55,75,4,3,20,0,37.291666666666664,2388.6,58.0,2786.65,71.0,2513.95,66.0,2374.15,61.857142857142854,145.28571428571428
2015-03-21,2267.4,136,56,16.70820895522388,31,62,54,5,3,21,1,40.489285714285714,2461.25,66.0,2039.45,56.0,2400.45,58.0,2327.664285714286,61.142857142857146,141.42857142857142
2015-03-22,1259.25,77,37,16.36842105263158,28,23,39,6,3,22,1,34.03378378378378,2267.4,56.0,2068.6,49.0,2188.15,62.0,2360.2285714285713,61.142857142857146,143.28571428571428
2015-03-23,2232.55,135,61,16.55763358778626,31,64,44,0,3,23,0,36.59918032786886,1259.25,37.0,2295.05,66.0,2334.55,56.0,2244.607142857143,59.42857142857143,135.57142857142858
2015-03-24,2162.3,130,60,16.5765625,30,44,46,1,3,24,0,36.038333333333334,2232.55,61.0,2965.3,71.0,2388.7,59.0,2235.6785714285716,58.714285714285715,134.71428571428572
2015-03-25,1927.75,115,56,16.76304347826087,31,41,68,2,3,25,0,34.424107142857146,2162.3,60.0,2075.4,62.0,2207.7,62.0,2120.964285714286,57.142857142857146,127.71428571428571
2015-03-26,2215.5,136,65,16.290441176470587,32,65,51,3,3,26,0,34.08461538461538,1927.75,56.0,2388.6,58.0,1994.9,51.0,2099.8714285714286,56.285714285714285,126.57142857142857
2015-03-27,2744.8,167,71,16.435928143712577,31,57,84,4,3,27,0,38.65915492957747,2215.5,65.0,2461.25,66.0,2786.65,71.0,2075.1428571428573,57.285714285714285,125.42857142857143
2015-03-28,2252.1,139,60,16.18550724637681,29,42,57,5,3,28,1,37.535,2744.8,71.0,2267.4,56.0,2039.45,56.0,2115.65,58.0,128.0
2015-03-29,2154.25,132,54,16.32170542635659,30,52,40,6,3,29,1,39.89351851851852,2252.1,60.0,1259.25,37.0,2068.6,49.0,2113.464285714286,58.57142857142857,128.42857142857142
2015-03-30,2255.45,137,62,16.563533834586465,32,50,53,0,3,30,0,36.37822580645161,2154.25,54.0,2232.55,61.0,2295.05,66.0,2241.3214285714284,61.0,136.28571428571428
2015-03-31,2756.6,161,62,17.079245283018867,32,69,66,1,3,31,0,44.461290322580645,2255.45,62.0,2162.3,60.0,2965.3,71.0,2244.592857142857,61.142857142857146,136.57142857142858
2015-04-01,2176.85,135,67,16.162406015037593,31,60,48,2,4,1,0,32.49029850746268,2756.6,62.0,1927.75,56.0,2075.4,62.0,2329.492857142857,61.42857142857143,141.0
2015-04-02,2547.15,150,62,16.839930555555554,31,66,43,3,4,2,0,41.083064516129035,2176.85,67.0,2215.5,65.0,2388.6,58.0,2365.078571428571,63.0,143.85714285714286
2015-04-03,2538.2,155,64,16.374675324675323,30,63,61,4,4,3,0,39.659375,2547.15,62.0,2744.8,71.0,2461.25,66.0,2412.457142857143,62.57142857142857,145.85714285714286
2015-04-04,2767.55,170,66,16.23950617283951,32,53,82,5,4,4,1,41.93257575757576,2538.2,64.0,2252.1,60.0,2267.4,56.0,2382.942857142857,61.57142857142857,144.14285714285714
2015-04-05,1909.85,117,50,16.358620689655172,31,38,54,6,4,5,1,38.196999999999996,2767.55,66.0,2154.25,54.0,1259.25,37.0,2456.578571428571,62.42857142857143,148.57142857142858
2015-04-06,2622.35,157,60,16.680392156862744,31,61,74,0,4,6,0,43.70583333333333,1909.85,50.0,2255.45,62.0,2232.55,61.0,2421.664285714286,61.857142857142854,146.42857142857142
2015-04-07,2234.25,138,61,16.185661764705884,31,61,53,1,4,7,0,36.627049180327866,2622.35,60.0,2756.6,62.0,2162.3,60.0,2474.078571428571,61.57142857142857,149.28571428571428
2015-04-08,2293.95,136,60,16.89007633587786,31,55,52,2,4,8,0,38.232499999999995,2234.25,61.0,2176.85,67.0,1927.75,56.0,2399.457142857143,61.42857142857143,146.0
2015-04-09,2047.3,122,52,16.752479338842974,31,42,54,3,4,9,0,39.371153846153845,2293.95,60.0,2547.15,62.0,2215.5,65.0,2416.1857142857143,60.42857142857143,146.14285714285714
2015-04-10,2424.95,142,59,17.077112676056338,30,36,74,4,4,10,0,41.10084745762712,2047.3,52.0,2538.2,64.0,2744.8,71.0,2344.7785714285715,59.0,142.14285714285714
2015-04-11,2543.75,153,63,16.57,32,30,69,5,4,11,1,40.37698412698413,2424.95,59.0,2767.55,66.0,2252.1,60.0,2328.6,58.285714285714285,140.28571428571428
2015-04-12,1994.3,120,53,16.64913793103448,31,44,50,6,4,12,1,37.62830188679245,2543.75,63.0,1909.85,50.0,2154.25,54.0,2296.6285714285714,57.857142857142854,137.85714285714286
2015-04-13,2496.2,144,66,17.31083916083916,31,73,61,0,4,13,0,37.82121212121212,1994.3,53.0,2622.35,60.0,2255.45,62.0,2308.692857142857,58.285714285714285,138.28571428571428
2015-04-14,2505.7,146,50,17.085106382978722,32,69,50,1,4,14,0,50.114,2496.2,66.0,2234.25,61.0,2756.6,62.0,2290.6714285714284,59.142857142857146,136.42857142857142
2015-04-15,2578.85,158,67,16.321612903225805,31,66,62,2,4,15,0,38.49029850746268,2505.7,50.0,2293.95,60.0,2176.85,67.0,2329.45,57.57142857142857,137.57142857142858
2015-04-16,2017.95,126,55,16.0096,30,40,51,3,4,16,0,36.69,2578.85,67.0,2047.3,52.0,2547.15,62.0,2370.15,58.57142857142857,140.71428571428572
2015-04-17,2675.65,161,64,16.618944099378883,32,76,78,4,4,17,0,41.80703125,2017.95,55.0,2424.95,59.0,2538.2,64.0,2365.9571428571426,59.0,141.28571428571428
2015-04-18,2286.2,137,62,16.647777777777776,31,42,72,5,4,18,1,36.87419354838709,2675.65,64.0,2543.75,63.0,2767.55,66.0,2401.7714285714287,59.714285714285715,144.0
2015-04-19,1527.95,95,50,15.980434782608697,29,25,45,6,4,19,1,30.559,2286.2,62.0,1994.3,53.0,1909.85,50.0,2364.9785714285713,59.57142857142857,141.71428571428572
2015-04-20,2459.45,151,70,16.344256756756756,31,66,65,0,4,20,0,35.135,1527.95,50.0,2496.2,66.0,2622.35,60.0,2298.3571428571427,59.142857142857146,138.14285714285714
2015-04-21,2213.15,134,62,16.522692307692306,31,66,44,1,4,21,0,35.69596774193548,2459.45,70.0,2505.7,50.0,2234.25,61.0,2293.1071428571427,59.714285714285715,139.14285714285714
2015-04-22,2193.45,134,59,16.368939393939392,32,53,50,2,4,22,0,37.1771186440678,2213.15,62.0,2578.85,67.0,2293.95,60.0,2251.3142857142857,61.42857142857143,137.42857142857142
2015-04-23,2426.15,144,57,16.813503649635035,31,54,59,3,4,23,0,42.5640350877193,2193.45,59.0,2017.95,55.0,2047.3,52.0,2196.2571428571428,60.285714285714285,134.0
2015-04-24,2979.2,175,71,16.960233918128655,32,57,75,4,4,24,0,41.96056338028169,2426.15,57.0,2675.65,64.0,2424.95,59.0,2254.5714285714284,60.57142857142857,136.57142857142858
2015-04-25,2089.2,126,62,16.551599999999997,31,39,64,5,4,25,1,33.696774193548386,2979.2,71.0,2286.2,62.0,2543.75,63.0,2297.9357142857143,61.57142857142857,138.57142857142858
2015-04-26,1767.4,111,56,15.90409090909091,31,34,60,6,4,26,1,31.560714285714287,2089.2,62.0,1527.95,50.0,1994.3,53.0,2269.792857142857,61.57142857142857,137.0
2015-04-27,2180.8,133,67,16.396992481203007,32,47,51,0,4,27,0,32.549253731343285,1767.4,56.0,2459.45,70.0,2496.2,66.0,2304.0,62.42857142857143,139.28571428571428
2015-04-28,1742.8,107,48,16.28762376237624,29,46,36,1,4,28,0,36.30833333333333,2180.8,67.0,2213.15,62.0,2505.7,50.0,2264.192857142857,62.0,136.71428571428572
2015-04-29,1828.75,111,53,16.588785046728972,31,38,50,2,4,29,0,34.50471698113208,1742.8,48.0,2193.45,59.0,2578.85,67.0,2197.0,60.0,132.85714285714286
2015-04-30,2667.5,163,63,16.365030674846626,31,70,76,3,4,30,0,42.34126984126984,1828.75,53.0,2426.15,57.0,2017.95,55.0,2144.9,59.142857142857146,129.57142857142858
2015-05-01,2571.95,154,75,16.688815789473683,31,59,69,4,5,1,0,34.29266666666666,2667.5,63.0,2979.2,71.0,2675.65,64.0,2179.378571428572,60.0,132.28571428571428
2015-05-02,2400.2,152,68,15.758053691275167,32,41,82,5,5,2,1,35.29705882352941,2571.95,75.0,2089.2,62.0,2286.2,62.0,2121.2,60.57142857142857,129.28571428571428
2015-05-03,1832.25,114,49,16.101769911504423,31,42,42,6,5,3,1,37.392857142857146,2400.2,68.0,1767.4,56.0,1527.95,50.0,2165.628571428572,61.42857142857143,133.0
2015-05-04,2288.9,141,55,16.296376811594204,32,69,50,0,5,4,0,41.61636363636364,1832.25,49.0,2180.8,67.0,2459.45,70.0,2174.8928571428573,60.42857142857143,133.42857142857142
2015-05-05,1713.6,107,49,16.041428571428572,29,35,48,1,5,5,0,34.97142857142857,2288.9,55.0,1742.8,48.0,2213.15,62.0,2190.3357142857144,58.714285714285715,134.57142857142858
2015-05-06,2309.8,140,55,16.502173913043478,30,54,59,2,5,6,0,41.99636363636364,1713.6,49.0,1828.75,53.0,2193.45,59.0,2186.1642857142856,58.857142857142854,134.57142857142858
2015-05-07,2228.85,131,58,16.9816,32,51,55,3,5,7,0,38.42844827586207,2309.8,55.0,2667.5,63.0,2426.15,57.0,2254.885714285714,59.142857142857146,138.71428571428572
2015-05-08,3052.3,181,71,16.840960451977402,31,63,97,4,5,8,0,42.99014084507043,2228.85,58.0,2571.95,75.0,2979.2,71.0,2192.2214285714285,58.42857142857143,134.14285714285714
2015-05-09,2368.4,144,56,16.39392857142857,31,42,75,5,5,9,1,42.292857142857144,3052.3,71.0,2400.2,68.0,2089.2,62.0,2260.842857142857,57.857142857142854,138.0
2015-05-10,2288.35,141,55,16.256071428571428,31,43,61,6,5,10,1,41.60636363636363,2368.4,56.0,1832.25,49.0,1767.4,56.0,2256.3,56.142857142857146,136.85714285714286
2015-05-11,2388.05,144,60,16.58191489361702,31,59,64,0,5,11,0,39.80083333333334,2288.35,55.0,2288.9,55.0,2180.8,67.0,2321.457142857143,57.0,140.71428571428572
2015-05-12,2299.7,142,62,16.194285714285712,32,67,53,1,5,12,0,37.09193548387096,2388.05,60.0,1713.6,49.0,1742.8,48.0,2335.6214285714286,57.714285714285715,141.14285714285714
2015-05-13,2261.8,137,63,16.509489051094892,31,68,49,2,5,13,0,35.901587301587305,2299.7,62.0,2309.8,55.0,1828.75,53.0,2419.35,59.57142857142857,146.14285714285714
2015-05-14,2694.5,164,69,16.420382165605094,31,76,67,3,5,14,0,39.05072463768116,2261.8,63.0,2228.85,58.0,2667.5,63.0,2412.4928571428572,60.714285714285715,145.71428571428572
2015-05-15,3386.15,208,94,16.256829268292684,32,70,106,4,5,15,0,36.022872340425536,2694.5,69.0,3052.3,71.0,2571.95,75.0,2479.0142857142855,62.285714285714285,150.42857142857142
2015-05-16,2281.1,142,61,16.089361702127658,31,46,74,5,5,16,1,37.395081967213116,3386.15,94.0,2368.4,56.0,2400.2,68.0,2526.707142857143,65.57142857142857,154.28571428571428
2015-05-17,1828.4,109,49,16.74433962264151,31,34,55,6,5,17,1,37.31428571428572,2281.1,61.0,2288.35,55.0,1832.25,49.0,2514.235714285714,66.28571428571429,154.0
2015-05-18,2209.65,134,57,16.446590909090908,31,46,52,0,5,18,0,38.765789473684215,1828.4,49.0,2388.05,60.0,2288.9,55.0,2448.5285714285715,65.42857142857143,149.42857142857142
2015-05-19,1987.0,119,46,16.82675438596491,32,68,34,1,5,19,0,43.19565217391305,2209.65,57.0,2299.7,62.0,1713.6,49.0,2423.042857142857,65.0,148.0
2015-05-20,2373.0,141,64,16.903284671532848,32,58,48,2,5,20,0,37.078125,1987.0,46.0,2261.8,63.0,2309.8,55.0,2378.371428571429,62.714285714285715,144.71428571428572
2015-05-21,2062.55,123,58,16.807786885245903,29,40,62,3,5,21,0,35.561206896551724,2373.0,64.0,2694.5,69.0,2228.85,58.0,2394.2571428571428,62.857142857142854,145.28571428571428
2015-05-22,2635.1,154,71,17.065666666666665,31,44,64,4,5,22,0,37.11408450704225,2062.55,58.0,3386.15,94.0,3052.3,71.0,2303.9785714285713,61.285714285714285,139.42857142857142
2015-05-23,2444.15,148,59,16.593262411347517,32,38,74,5,5,23,1,41.42627118644068,2635.1,71.0,2281.1,61.0,2368.4,56.0,2196.6857142857143,58.0,131.71428571428572
2015-05-24,2196.95,134,59,16.321538461538463,32,43,54,6,5,24,1,37.2364406779661,2444.15,59.0,1828.4,49.0,2288.35,55.0,2219.9785714285713,57.714285714285715,132.57142857142858
2015-05-25,2104.4,125,56,16.74098360655738,30,53,55,0,5,25,0,37.57857142857143,2196.95,59.0,2209.65,57.0,2388.05,60.0,2272.6285714285714,59.142857142857146,136.14285714285714
2015-05-26,1876.45,115,48,16.315350877192984,28,34,64,1,5,26,0,39.092708333333334,2104.4,56.0,1987.0,46.0,2299.7,62.0,2257.592857142857,59.0,134.85714285714286
2015-05-27,2097.0,124,55,16.951219512195124,31,53,49,2,5,27,0,38.127272727272725,1876.45,48.0,2373.0,64.0,2261.8,63.0,2241.8,59.285714285714285,134.28571428571428
2015-05-28,2016.4,121,54,16.70042372881356,30,67,35,3,5,28,0,37.34074074074074,2097.0,55.0,2062.55,58.0,2694.5,69.0,2202.3714285714286,58.0,131.85714285714286
2015-05-29,3001.2,181,68,16.606666666666666,32,66,82,4,5,29,0,44.13529411764706,2016.4,54.0,2635.1,71.0,3386.15,94.0,2195.7785714285715,57.42857142857143,131.57142857142858
2015-05-30,2486.95,150,59,16.578125,32,37,68,5,5,30,1,42.15169491525423,3001.2,68.0,2444.15,59.0,2281.1,61.0,2248.078571428571,57.0,135.42857142857142
2015-05-31,1717.65,108,50,15.904166666666667,30,21,61,6,5,31,1,34.353,2486.95,59.0,2196.95,59.0,1828.4,49.0,2254.192857142857,57.0,135.71428571428572
2015-06-01,3067.75,184,72,16.72222222222222,32,83,64,0,6,1,0,42.607638888888886,1717.65,50.0,2104.4,56.0,2209.65,57.0,2185.7214285714285,55.714285714285715,132.0
2015-06-02,2449.95,147,59,16.641780821917806,31,65,40,1,6,2,0,41.52457627118644,3067.75,72.0,1876.45,48.0,1987.0,46.0,2323.3428571428567,58.0,140.42857142857142
2015-06-03,1907.05,113,51,16.84642857142857,31,54,36,2,6,3,0,37.39313725490196,2449.95,59.0,2097.0,55.0,2373.0,64.0,2405.2714285714287,59.57142857142857,145.0
2015-06-04,2283.6,141,56,16.20693430656934,32,74,40,3,6,4,0,40.778571428571425,1907.05,51.0,2016.4,54.0,2062.55,58.0,2378.1357142857146,59.0,143.42857142857142
2015-06-05,2700.15,159,69,16.958227848101266,31,51,75,4,6,5,0,39.13260869565217,2283.6,56.0,3001.2,68.0,2635.1,71.0,2416.307142857143,59.285714285714285,146.28571428571428
2015-06-06,2280.95,136,61,16.683834586466165,31,41,60,5,6,6,1,37.39262295081967,2700.15,69.0,2486.95,59.0,2444.15,59.0,2373.2999999999997,59.42857142857143,143.14285714285714
2015-06-07,1960.75,117,55,16.75854700854701,30,27,56,6,6,7,1,35.65,2280.95,61.0,1717.65,50.0,2196.95,59.0,2343.871428571428,59.714285714285715,141.14285714285714
2015-06-08,2264.95,136,58,16.49186046511628,31,55,63,0,6,8,0,39.050862068965515,1960.75,55.0,3067.75,72.0,2104.4,56.0,2378.5999999999995,60.42857142857143,142.42857142857142
2015-06-09,2442.55,147,65,16.58827586206897,30,68,62,1,6,9,0,37.57769230769231,2264.95,58.0,2449.95,59.0,1876.45,48.0,2263.9142857142856,58.42857142857143,135.57142857142858
2015-06-10,2019.4,124,54,16.221120689655173,30,63,39,2,6,10,0,37.3962962962963,2442.55,65.0,1907.05,51.0,2097.0,55.0,2262.8571428571427,59.285714285714285,135.57142857142858
2015-06-11,2650.5,158,68,16.773026315789473,30,78,54,3,6,11,0,38.97794117647059,2019.4,54.0,2283.6,56.0,2016.4,54.0,2278.907142857143,59.714285714285715,137.14285714285714
2015-06-12,2138.6,131,61,16.35736434108527,31,43,63,4,6,12,0,35.05901639344262,2650.5,68.0,2700.15,69.0,3001.2,68.0,2331.3214285714284,61.42857142857143,139.57142857142858
2015-06-13,2508.9,153,64,16.486,30,48,72,5,6,13,1,39.2015625,2138.6,61.0,2280.95,61.0,2486.95,59.0,2251.1,60.285714285714285,135.57142857142858
2015-06-14,1859.0,113,48,16.46818181818182,29,39,50,6,6,14,1,38.729166666666664,2508.9,64.0,1960.75,55.0,1717.65,50.0,2283.6642857142856,60.714285714285715,138.0
2015-06-15,2595.6,152,73,17.073999999999998,31,57,58,0,6,15,0,35.556164383561644,1859.0,48.0,2264.95,58.0,3067.75,72.0,2269.1285714285714,59.714285714285715,137.42857142857142
2015-06-16,1898.3,116,54,16.365486725663715,29,48,47,1,6,16,0,35.153703703703705,2595.6,73.0,2442.55,65.0,2449.95,59.0,2316.364285714286,61.857142857142854,139.71428571428572
2015-06-17,2137.1,126,54,16.98266129032258,31,62,37,2,6,17,0,39.57592592592592,1898.3,54.0,2019.4,54.0,1907.05,51.0,2238.6142857142854,60.285714285714285,135.28571428571428
2015-06-18,1984.5,116,56,17.12061403508772,30,58,34,3,6,18,0,35.4375,2137.1,54.0,2650.5,68.0,2283.6,56.0,2255.4285714285716,60.285714285714285,135.57142857142858
2015-06-19,2793.45,167,74,16.727245508982033,32,66,63,4,6,19,0,37.74932432432432,1984.5,56.0,2138.6,61.0,2700.15,69.0,2160.285714285714,58.57142857142857,129.57142857142858
2015-06-20,2060.6,128,48,16.021370967741937,31,50,52,5,6,20,1,42.92916666666667,2793.45,74.0,2508.9,64.0,2280.95,61.0,2253.835714285714,60.42857142857143,134.71428571428572
2015-06-21,1925.2,115,51,16.705701754385966,32,50,44,6,6,21,1,37.74901960784314,2060.6,48.0,1859.0,48.0,1960.75,55.0,2189.792857142857,58.142857142857146,131.14285714285714
2015-06-22,2319.3,140,55,16.478467153284672,31,61,55,0,6,22,0,42.16909090909091,1925.2,51.0,2595.6,73.0,2264.95,58.0,2199.25,58.57142857142857,131.42857142857142
2015-06-23,2042.75,124,59,16.471544715447155,30,54,54,1,6,23,0,34.6228813559322,2319.3,55.0,1898.3,54.0,2442.55,65.0,2159.7785714285715,56.0,129.71428571428572
2015-06-24,2327.5,137,62,16.99264705882353,32,53,74,2,6,24,0,37.54032258064516,2042.75,59.0,2137.1,54.0,2019.4,54.0,2180.414285714286,56.714285714285715,130.85714285714286
2015-06-25,2399.15,148,60,16.185069444444444,31,66,55,3,6,25,0,39.98583333333333,2327.5,62.0,1984.5,56.0,2650.5,68.0,2207.6142857142854,57.857142857142854,132.42857142857142
2015-06-26,2745.5,163,64,16.822981366459626,31,57,61,4,6,26,0,42.8984375,2399.15,60.0,2793.45,74.0,2138.6,61.0,2266.85,58.42857142857143,137.0
2015-06-27,2812.9,173,71,16.143413173652693,32,45,93,5,6,27,1,39.618309859154934,2745.5,64.0,2060.6,48.0,2508.9,64.0,2260.0,57.0,136.42857142857142
2015-06-28,1569.7,95,45,16.47795698924731,30,23,45,6,6,28,1,34.882222222222225,2812.9,71.0,1925.2,51.0,1859.0,48.0,2367.471428571429,60.285714285714285,142.85714285714286
2015-06-29,1873.6,118,53,15.877966101694915,30,46,55,0,6,29,0,35.35094339622641,1569.7,45.0,2319.3,55.0,2595.6,73.0,2316.6857142857143,59.42857142857143,140.0
2015-06-30,2210.95,130,53,17.013492063492063,31,70,35,1,6,30,0,41.716037735849056,1873.6,53.0,2042.75,59.0,1898.3,54.0,2253.0142857142855,59.142857142857146,136.85714285714286
2015-07-01,2231.5,137,66,16.253731343283583,31,44,67,2,7,1,0,33.81060606060606,2210.95,53.0,2327.5,62.0,2137.1,54.0,2277.042857142857,58.285714285714285,137.71428571428572
2015-07-02,2294.8,138,63,16.537407407407407,30,56,48,3,7,2,0,36.42539682539683,2231.5,66.0,2399.15,60.0,1984.5,56.0,2263.328571428571,58.857142857142854,137.71428571428572
2015-07-03,3443.0,213,93,16.13768115942029,32,73,104,4,7,3,0,37.02150537634409,2294.8,63.0,2745.5,64.0,2793.45,74.0,2248.421428571429,59.285714285714285,136.28571428571428
2015-07-04,3864.2,234,105,16.533047210300428,32,43,139,5,7,4,1,36.80190476190476,3443.0,93.0,2812.9,71.0,2060.6,48.0,2348.0642857142857,63.42857142857143,143.42857142857142
2015-07-05,1591.45,96,41,16.62578947368421,31,29,48,6,7,5,1,38.81585365853659,3864.2,105.0,1569.7,45.0,1925.2,51.0,2498.25,68.28571428571429,152.14285714285714
2015-07-06,2116.9,130,58,16.2453125,29,68,49,0,7,6,0,36.498275862068965,1591.45,41.0,1873.6,53.0,2319.3,55.0,2501.3571428571427,67.71428571428571,152.28571428571428
2015-07-07,2374.4,142,53,16.795220588235296,31,54,56,1,7,7,0,44.800000000000004,2116.9,58.0,2210.95,53.0,2042.75,59.0,2536.1142857142863,68.42857142857143,154.0
2015-07-08,2396.05,142,66,16.861870503597125,30,70,50,2,7,8,0,36.30378787878788,2374.4,53.0,2231.5,66.0,2327.5,62.0,2559.464285714286,68.42857142857143,155.71428571428572
2015-07-09,2297.75,135,58,16.968045112781954,32,54,56,3,7,9,0,39.616379310344826,2396.05,66.0,2294.8,63.0,2399.15,60.0,2582.9714285714285,68.42857142857143,156.42857142857142
2015-07-10,2432.4,148,71,16.391666666666666,31,46,47,4,7,10,0,34.25915492957746,2297.75,58.0,3443.0,93.0,2745.5,64.0,2583.3928571428573,67.71428571428571,156.0
2015-07-11,2085.55,125,53,16.655645161290323,31,31,72,5,7,11,1,39.35,2432.4,71.0,3864.2,105.0,2812.9,71.0,2439.0214285714287,64.57142857142857,146.71428571428572
2015-07-12,2185.65,128,58,17.075390625,31,37,60,6,7,12,1,37.68362068965517,2085.55,53.0,1591.45,41.0,1569.7,45.0,2184.9285714285716,57.142857142857146,131.14285714285714
2015-07-13,2059.5,124,54,16.556147540983606,30,64,42,0,7,13,0,38.138888888888886,2185.65,58.0,2116.9,58.0,1873.6,53.0,2269.8142857142857,59.57142857142857,135.71428571428572
2015-07-14,1956.5,119,59,16.455128205128204,31,49,48,1,7,14,0,33.16101694915254,2059.5,54.0,2374.4,53.0,2210.95,53.0,2261.614285714286,59.0,134.85714285714286
2015-07-15,2501.8,154,62,16.258881578947367,32,61,45,2,7,15,0,40.351612903225806,1956.5,59.0,2396.05,66.0,2231.5,66.0,2201.914285714286,59.857142857142854,131.57142857142858
2015-07-16,2463.9,146,56,16.857446808510637,32,47,56,3,7,16,0,43.99821428571429,2501.8,62.0,2297.75,58.0,2294.8,63.0,2217.0214285714287,59.285714285714285,133.28571428571428
2015-07-17,3131.65,187,82,16.741621621621622,30,71,77,4,7,17,0,38.19085365853659,2463.9,56.0,2432.4,71.0,3443.0,93.0,2240.7571428571428,59.0,134.85714285714286
2015-07-18,2122.2,130,54,16.301171875,32,31,64,5,7,18,1,39.3,3131.65,82.0,2085.55,53.0,3864.2,105.0,2340.65,60.57142857142857,140.42857142857142
2015-07-19,2022.7,121,53,16.722033898305085,32,39,49,6,7,19,1,38.16415094339623,2122.2,54.0,2185.65,58.0,1591.45,41.0,2345.8857142857146,60.714285714285715,141.14285714285714
2015-07-20,2501.0,149,59,16.822916666666668,32,59,65,0,7,20,0,42.389830508474574,2022.7,53.0,2059.5,54.0,2116.9,58.0,2322.6071428571427,60.0,140.14285714285714
2015-07-21,2030.85,119,55,17.002991452991452,28,48,39,1,7,21,0,36.92454545454545,2501.0,59.0,1956.5,59.0,2374.4,53.0,2385.6785714285716,60.714285714285715,143.71428571428572
2015-07-22,2292.1,137,65,16.7,29,54,57,2,7,22,0,35.26307692307692,2030.85,55.0,2501.8,62.0,2396.05,66.0,2396.2999999999997,60.142857142857146,143.71428571428572
2015-07-23,2214.5,137,65,16.18984962406015,31,66,49,3,7,23,0,34.06923076923077,2292.1,65.0,2463.9,56.0,2297.75,58.0,2366.342857142857,60.57142857142857,141.28571428571428
2015-07-24,3204.4,196,75,16.365159574468084,31,80,90,4,7,24,0,42.72533333333333,2214.5,65.0,3131.65,82.0,2432.4,71.0,2330.714285714286,61.857142857142854,140.0
2015-07-25,2237.25,135,57,16.557835820895523,32,32,82,5,7,25,1,39.25,3204.4,75.0,2122.2,54.0,2085.55,53.0,2341.1071428571427,60.857142857142854,141.28571428571428
2015-07-26,1871.55,112,57,16.671759259259257,30,34,43,6,7,26,1,32.834210526315786,2237.25,57.0,2022.7,53.0,2185.65,58.0,2357.542857142857,61.285714285714285,142.0
2015-07-27,2172.0,129,53,16.78174603174603,32,55,45,0,7,27,0,40.9811320754717,1871.55,57.0,2501.0,59.0,2059.5,54.0,2335.95,61.857142857142854,140.71428571428572
2015-07-28,2094.55,132,60,15.896538461538462,31,53,62,1,7,28,0,34.90916666666667,2172.0,53.0,2030.85,55.0,1956.5,59.0,2288.95,61.0,137.85714285714286
2015-07-29,1923.25,116,49,16.619565217391305,29,51,44,2,7,29,0,39.25,2094.55,60.0,2292.1,65.0,2501.8,62.0,2298.0499999999997,61.714285714285715,139.71428571428572
2015-07-30,2349.15,149,67,15.801748251748252,31,76,41,3,7,30,0,35.061940298507466,1923.25,49.0,2214.5,65.0,2463.9,56.0,2245.3571428571427,59.42857142857143,136.71428571428572
2015-07-31,2095.4,132,68,15.91526717557252,30,43,59,4,7,31,0,30.814705882352943,2349.15,67.0,3204.4,75.0,3131.65,82.0,2264.592857142857,59.714285714285715,138.42857142857142
2015-08-01,2440.55,154,74,15.847000000000001,31,42,75,5,8,1,1,32.980405405405406,2095.4,68.0,2237.25,57.0,2122.2,54.0,2106.1642857142856,58.714285714285715,129.28571428571428
2015-08-02,1910.15,114,48,16.70818181818182,31,40,54,6,8,2,1,39.79479166666667,2440.55,74.0,1871.55,57.0,2022.7,53.0,2135.207142857143,61.142857142857146,132.0
2015-08-03,1982.25,117,58,16.943421052631578,29,54,48,0,8,3,0,34.17672413793103,1910.15,48.0,2172.0,53.0,2501.0,59.0,2140.7214285714285,59.857142857142854,132.28571428571428
2015-08-04,2090.15,122,58,17.106611570247935,31,58,39,1,8,4,0,36.03706896551724,1982.25,58.0,2094.55,60.0,2030.85,55.0,2113.614285714286,60.57142857142857,130.57142857142858
2015-08-05,2094.85,130,60,16.130708661417323,29,54,55,2,8,5,0,34.91416666666667,2090.15,58.0,1923.25,49.0,2292.1,65.0,2112.985714285714,60.285714285714285,129.14285714285714
2015-08-06,2099.25,132,61,15.903409090909092,31,69,49,3,8,6,0,34.41393442622951,2094.85,60.0,2349.15,67.0,2214.5,65.0,2137.5000000000005,61.857142857142854,131.14285714285714
2015-08-07,2626.4,161,65,16.392903225806453,31,58,72,4,8,7,0,40.40615384615385,2099.25,61.0,2095.4,68.0,3204.4,75.0,2101.8,61.0,128.71428571428572
2015-08-08,2716.4,167,69,16.26,31,34,84,5,8,8,1,39.368115942028986,2626.4,65.0,2440.55,74.0,2237.25,57.0,2177.657142857143,60.57142857142857,132.85714285714286
2015-08-09,2002.65,126,55,15.922580645161291,30,40,54,6,8,9,1,36.411818181818184,2716.4,69.0,1910.15,48.0,1871.55,57.0,2217.0642857142857,59.857142857142854,134.71428571428572
2015-08-10,2139.45,125,59,17.086290322580645,31,44,48,0,8,10,0,36.26186440677966,2002.65,55.0,1982.25,58.0,2172.0,53.0,2230.2785714285715,60.857142857142854,136.42857142857142
2015-08-11,2290.0,137,64,16.722014925373134,30,61,49,1,8,11,0,35.78125,2139.45,59.0,2090.15,58.0,2094.55,60.0,2252.735714285714,61.0,137.57142857142858
2015-08-12,2365.75,144,54,16.428321678321677,32,51,57,2,8,12,0,43.81018518518518,2290.0,64.0,2094.85,60.0,1923.25,49.0,2281.285714285714,61.857142857142854,139.71428571428572
2015-08-13,2074.15,132,55,15.770384615384616,31,75,22,3,8,13,0,37.71181818181818,2365.75,54.0,2099.25,61.0,2349.15,67.0,2319.985714285714,61.0,141.71428571428572
2015-08-14,3016.6,188,81,16.01945945945946,32,85,70,4,8,14,0,37.241975308641976,2074.15,55.0,2626.4,65.0,2095.4,68.0,2316.4,60.142857142857146,141.71428571428572
2015-08-15,2252.35,140,72,16.094244604316547,29,23,77,5,8,15,1,31.282638888888886,3016.6,81.0,2716.4,69.0,2440.55,74.0,2372.1428571428573,62.42857142857143,145.57142857142858
2015-08-16,2139.3,128,50,16.752380952380953,31,40,69,6,8,16,1,42.786,2252.35,72.0,2002.65,55.0,1910.15,48.0,2305.85,62.857142857142854,141.71428571428572
2015-08-17,2626.0,161,62,16.275641025641026,31,63,67,0,8,17,0,42.354838709677416,2139.3,50.0,2139.45,59.0,1982.25,58.0,2325.371428571428,62.142857142857146,142.0
2015-08-18,2101.2,128,57,16.381496062992124,31,48,57,1,8,18,0,36.86315789473684,2626.0,62.0,2290.0,64.0,2090.15,58.0,2394.878571428572,62.57142857142857,147.14285714285714
2015-08-19,2332.95,138,56,16.965789473684207,32,71,37,2,8,19,0,41.659821428571426,2101.2,57.0,2365.75,54.0,2094.85,60.0,2367.907142857143,61.57142857142857,145.85714285714286
2015-08-20,1907.7,116,55,16.48,32,54,51,3,8,20,0,34.68545454545455,2332.95,56.0,2074.15,55.0,2099.25,61.0,2363.2214285714285,61.857142857142854,145.0
2015-08-21,2601.4,163,69,15.993167701863355,30,46,95,4,8,21,0,37.70144927536232,1907.7,55.0,3016.6,81.0,2626.4,65.0,2339.442857142857,61.857142857142854,142.71428571428572
2015-08-22,2406.0,148,60,16.28103448275862,31,48,78,5,8,22,1,40.1,2601.4,69.0,2252.35,72.0,2716.4,69.0,2280.1285714285714,60.142857142857146,139.14285714285714
2015-08-23,1701.6,105,48,16.194059405940592,31,46,40,6,8,23,1,35.449999999999996,2406.0,60.0,2139.3,50.0,2002.65,55.0,2302.078571428571,58.42857142857143,140.28571428571428
2015-08-24,1697.05,106,54,16.048095238095236,28,39,34,0,8,24,0,31.42685185185185,1701.6,48.0,2626.0,62.0,2139.45,59.0,2239.55,58.142857142857146,137.0
2015-08-25,1958.9,115,53,16.94107142857143,30,46,51,1,8,25,0,36.96037735849057,1697.05,54.0,2101.2,57.0,2290.0,64.0,2106.842857142857,57.0,129.14285714285714
2015-08-26,2329.4,139,59,16.709774436090225,31,44,52,2,8,26,0,39.48135593220339,1958.9,53.0,2332.95,56.0,2365.75,54.0,2086.5142857142855,56.42857142857143,127.28571428571429
2015-08-27,2117.65,128,59,16.5292,30,59,50,3,8,27,0,35.89237288135593,2329.4,59.0,1907.7,55.0,2074.15,55.0,2086.0071428571428,56.857142857142854,127.42857142857143
2015-08-28,2647.2,161,68,16.442236024844718,31,43,86,4,8,28,0,38.92941176470588,2117.65,59.0,2601.4,69.0,3016.6,81.0,2116.0,57.42857142857143,129.14285714285714
2015-08-29,2035.0,123,60,16.510245901639344,32,50,48,5,8,29,1,33.916666666666664,2647.2,68.0,2406.0,60.0,2252.35,72.0,2122.542857142857,57.285714285714285,128.85714285714286
2015-08-30,1494.6,94,41,15.899999999999999,28,25,53,6,8,30,1,36.453658536585365,2035.0,60.0,1701.6,48.0,2139.3,50.0,2069.542857142857,57.285714285714285,125.28571428571429
2015-08-31,2081.35,126,57,16.532799999999998,32,60,51,0,8,31,0,36.51491228070175,1494.6,41.0,1697.05,54.0,2626.0,62.0,2039.9714285714285,56.285714285714285,123.71428571428571
2015-09-01,2352.85,146,61,16.142307692307693,31,73,53,1,9,1,0,38.571311475409836,2081.35,57.0,1958.9,53.0,2101.2,57.0,2094.8714285714286,56.714285714285715,126.57142857142857
2015-09-02,1865.55,111,48,16.80727272727273,31,56,34,2,9,2,0,38.865625,2352.85,61.0,2329.4,59.0,2332.95,56.0,2151.15,57.857142857142854,131.0
2015-09-03,2252.6,138,59,16.266541353383456,31,58,59,3,9,3,0,38.179661016949154,1865.55,48.0,2117.65,59.0,1907.7,55.0,2084.885714285714,56.285714285714285,127.0
2015-09-04,2960.95,179,66,16.56573033707865,31,76,63,4,9,4,0,44.862878787878785,2252.6,59.0,2647.2,68.0,2601.4,69.0,2104.1642857142856,56.285714285714285,128.42857142857142
2015-09-05,2537.8,153,59,16.581456953642384,31,63,65,5,9,5,1,43.0135593220339,2960.95,66.0,2035.0,60.0,2406.0,60.0,2148.985714285714,56.0,131.0
2015-09-06,1491.65,92,47,16.215934065934068,29,26,58,6,9,6,1,31.737234042553194,2537.8,59.0,1494.6,41.0,1701.6,48.0,2220.8142857142857,55.857142857142854,135.28571428571428
2015-09-07,2283.35,140,60,16.26159420289855,32,70,53,0,9,7,0,38.05583333333333,1491.65,47.0,2081.35,57.0,1697.05,54.0,2220.3928571428573,56.714285714285715,135.0
2015-09-08,2249.5,133,61,16.938931297709924,30,52,57,1,9,8,0,36.877049180327866,2283.35,60.0,2352.85,61.0,1958.9,53.0,2249.25,57.142857142857146,137.0
2015-09-09,2580.1,157,59,16.473051948051946,31,61,64,2,9,9,0,43.73050847457627,2249.5,61.0,1865.55,48.0,2329.4,59.0,2234.4857142857145,57.142857142857146,135.14285714285714
2015-09-10,2415.85,148,62,16.34657534246575,32,66,48,3,9,10,0,38.96532258064516,2580.1,59.0,2252.6,59.0,2117.65,59.0,2336.5642857142857,58.714285714285715,141.71428571428572
2015-09-11,2761.9,167,77,16.541818181818183,31,61,76,4,9,11,0,35.86883116883117,2415.85,62.0,2960.95,66.0,2647.2,68.0,2359.8857142857137,59.142857142857146,143.14285714285714
2015-09-12,2588.15,156,67,16.563870967741938,32,46,89,5,9,12,1,38.62910447761194,2761.9,77.0,2537.8,59.0,2035.0,60.0,2331.45,60.714285714285715,141.42857142857142
2015-09-13,1838.15,108,49,17.08952380952381,32,36,48,6,9,13,1,37.51326530612245,2588.15,67.0,1491.65,47.0,1494.6,41.0,2338.6428571428573,61.857142857142854,141.85714285714286
2015-09-14,2165.25,129,60,16.779296875,30,61,50,0,9,14,0,36.0875,1838.15,49.0,2283.35,60.0,2081.35,57.0,2388.1428571428573,62.142857142857146,144.14285714285714
2015-09-15,2550.2,158,65,16.133548387096774,30,53,52,1,9,15,0,39.23384615384615,2165.25,60.0,2249.5,61.0,2352.85,61.0,2371.2714285714287,62.142857142857146,142.57142857142858
2015-09-16,2185.25,136,61,16.084328358208957,32,65,53,2,9,16,0,35.82377049180328,2550.2,65.0,2580.1,59.0,1865.55,48.0,2414.2285714285717,62.714285714285715,146.14285714285714
2015-09-17,2242.05,138,58,16.235555555555557,32,41,56,3,9,17,0,38.65603448275862,2185.25,61.0,2415.85,62.0,2252.6,59.0,2357.8214285714284,63.0,143.14285714285714
2015-09-18,2721.55,164,72,16.540937500000002,31,68,79,4,9,18,0,37.799305555555556,2242.05,58.0,2761.9,77.0,2960.95,66.0,2332.9928571428572,62.42857142857143,141.71428571428572
2015-09-19,2286.55,141,59,16.141911764705885,32,37,76,5,9,19,1,38.755084745762716,2721.55,72.0,2588.15,67.0,2537.8,59.0,2327.2285714285713,61.714285714285715,141.28571428571428
2015-09-20,1829.0,108,48,16.91190476190476,28,34,48,6,9,20,1,38.104166666666664,2286.55,59.0,1838.15,49.0,1491.65,47.0,2284.1428571428573,60.57142857142857,139.14285714285714
2015-09-21,2131.45,132,57,16.19685039370079,30,55,55,0,9,21,0,37.3938596491228,1829.0,48.0,2165.25,60.0,2283.35,60.0,2282.8357142857144,60.42857142857143,139.14285714285714
2015-09-22,2170.4,131,54,16.601574803149607,30,52,44,1,9,22,0,40.1925925925926,2131.45,57.0,2550.2,65.0,2249.5,61.0,2278.0071428571428,60.0,139.57142857142858
2015-09-23,2163.0,133,60,16.33139534883721,32,47,49,2,9,23,0,36.05,2170.4,54.0,2185.25,61.0,2580.1,59.0,2223.75,58.42857142857143,135.71428571428572
2015-09-26,2246.85,139,56,16.143065693430657,30,42,68,5,9,26,1,40.122321428571425,2163.0,60.0,2242.05,58.0,2415.85,62.0,2220.5714285714284,58.285714285714285,135.28571428571428
2015-09-27,2314.7,139,61,16.622826086956522,32,37,78,6,9,27,1,37.94590163934426,2246.85,56.0,2721.55,72.0,2761.9,77.0,2221.2571428571428,58.0,135.42857142857142
2015-09-28,2035.3,121,53,16.823949579831933,30,36,54,0,9,28,0,38.40188679245283,2314.7,61.0,2286.55,59.0,2588.15,67.0,2163.1357142857146,56.42857142857143,131.85714285714286
2015-09-29,2762.05,163,60,16.978437500000002,32,70,53,1,9,29,0,46.03416666666667,2035.3,53.0,1829.0,48.0,1838.15,49.0,2127.242857142857,55.57142857142857,129.0
2015-09-30,2198.05,130,62,16.915116279069768,32,42,59,2,9,30,0,35.45241935483871,2762.05,60.0,2131.45,57.0,2165.25,60.0,2260.535714285714,57.285714285714285,136.85714285714286
2015-10-01,3202.15,194,84,16.531052631578948,31,90,77,3,10,1,0,38.12083333333334,2198.05,62.0,2170.4,54.0,2550.2,65.0,2270.05,58.0,136.57142857142858
2015-10-02,2074.85,125,61,16.544628099173554,31,47,50,4,10,2,0,34.013934426229504,3202.15,84.0,2163.0,60.0,2185.25,61.0,2417.4428571428575,62.285714285714285,145.57142857142858
2015-10-03,2400.95,147,61,16.42218309859155,32,35,64,5,10,3,1,39.35983606557377,2074.85,61.0,2246.85,56.0,2242.05,58.0,2404.85,62.42857142857143,144.42857142857142
2015-10-04,2142.2,128,52,16.706,31,54,52,6,10,4,1,41.19615384615384,2400.95,61.0,2314.7,61.0,2721.55,72.0,2426.8642857142854,63.142857142857146,145.57142857142858
2015-10-06,2215.95,136,61,16.238257575757576,32,59,53,1,10,6,0,36.32704918032787,2142.2,52.0,2035.3,53.0,2286.55,59.0,2402.2214285714285,61.857142857142854,144.0
2015-10-07,2092.35,133,61,15.741538461538463,30,53,53,2,10,7,0,34.30081967213115,2215.95,61.0,2762.05,60.0,1829.0,48.0,2428.0285714285715,63.0,146.14285714285714
2015-10-08,1975.85,119,49,16.535652173913043,30,54,46,3,10,8,0,40.3234693877551,2092.35,61.0,2198.05,62.0,2131.45,57.0,2332.3571428571427,63.142857142857146,141.85714285714286
2015-10-09,2512.6,147,60,17.031944444444445,30,51,81,4,10,9,0,41.876666666666665,1975.85,49.0,3202.15,84.0,2170.4,54.0,2300.6142857142854,61.285714285714285,140.28571428571428
2015-10-10,2310.2,141,61,16.431785714285713,29,39,68,5,10,10,1,37.87213114754098,2512.6,60.0,2074.85,61.0,2163.0,60.0,2202.1071428571427,57.857142857142854,133.57142857142858
2015-10-11,1916.25,118,42,16.145614035087718,30,39,53,6,10,11,1,45.625,2310.2,61.0,2400.95,61.0,2246.85,56.0,2235.7285714285713,57.857142857142854,135.85714285714286
2015-10-13,2325.95,141,58,16.49609929078014,31,55,56,1,10,13,0,40.10258620689655,1916.25,42.0,2142.2,52.0,2314.7,61.0,2166.485714285714,55.142857142857146,131.71428571428572
2015-10-14,2146.35,132,57,16.25648854961832,30,64,52,2,10,14,0,37.65526315789474,2325.95,58.0,2215.95,61.0,2035.3,53.0,2192.735714285714,56.0,133.57142857142858
2015-10-15,4320.2,262,107,16.501744186046512,32,119,107,3,10,15,0,40.375700934579434,2146.35,57.0,2092.35,61.0,2762.05,60.0,2182.792857142857,55.42857142857143,133.0
2015-10-16,2555.1,153,64,16.675,32,56,69,4,10,16,0,39.9234375,4320.2,107.0,1975.85,49.0,2198.05,62.0,2501.057142857143,62.0,151.42857142857142
2015-10-17,2339.8,140,55,16.54172932330827,30,34,59,5,10,17,1,42.541818181818186,2555.1,64.0,2512.6,60.0,3202.15,84.0,2583.8071428571425,64.14285714285714,156.28571428571428
2015-10-18,1795.3,105,45,17.111,30,32,55,6,10,18,1,39.89555555555555,2339.8,55.0,2310.2,61.0,2074.85,61.0,2559.121428571428,63.42857142857143,155.28571428571428
2015-10-20,2437.15,154,63,15.857894736842105,31,67,67,1,10,20,0,38.68492063492064,1795.3,45.0,1916.25,42.0,2400.95,61.0,2485.5642857142857,61.142857142857146,150.14285714285714
2015-10-21,2460.5,149,56,16.5,31,73,40,2,10,21,0,43.9375,2437.15,63.0,2325.95,58.0,2142.2,52.0,2559.9785714285713,64.14285714285714,155.28571428571428
2015-10-22,2400.9,145,57,16.52902097902098,30,64,56,3,10,22,0,42.12105263157895,2460.5,56.0,2146.35,57.0,2215.95,61.0,2579.2000000000003,63.857142857142854,156.42857142857142
2015-10-23,2610.65,154,72,16.952272727272728,32,53,67,4,10,23,0,36.25902777777778,2400.9,57.0,4320.2,107.0,2092.35,61.0,2615.5642857142857,63.857142857142854,158.28571428571428
2015-10-24,2679.5,160,59,16.669871794871796,31,49,91,5,10,24,1,45.41525423728814,2610.65,72.0,2555.1,64.0,1975.85,49.0,2371.342857142857,58.857142857142854,142.85714285714286
2015-10-25,1837.05,114,45,16.21409090909091,29,49,41,6,10,25,1,40.82333333333333,2679.5,59.0,2339.8,55.0,2512.6,60.0,2389.1142857142854,58.142857142857146,143.85714285714286
2015-10-27,1988.65,120,62,16.52033898305085,31,45,49,1,10,27,0,32.075,1837.05,45.0,1795.3,45.0,2310.2,61.0,2317.2928571428574,56.714285714285715,140.14285714285714
2015-10-28,1635.95,104,63,15.720388349514563,30,48,36,2,10,28,0,25.96746031746032,1988.65,62.0,2437.15,63.0,1916.25,42.0,2344.914285714286,59.142857142857146,142.28571428571428
2015-10-29,2169.75,131,59,16.618503937007876,31,52,56,3,10,29,0,36.77542372881356,1635.95,63.0,2460.5,56.0,2325.95,58.0,2230.457142857143,59.142857142857146,135.14285714285714
2015-10-30,2736.6,166,63,16.471646341463416,31,77,60,4,10,30,0,43.43809523809524,2169.75,59.0,2400.9,57.0,2146.35,57.0,2188.921428571429,59.57142857142857,132.57142857142858
2015-10-31,2744.85,165,69,16.676729559748427,32,45,82,5,10,31,1,39.780434782608694,2736.6,63.0,2610.65,72.0,4320.2,107.0,2236.878571428572,60.42857142857143,135.57142857142858
2015-11-01,1986.65,124,55,16.01951219512195,30,37,58,6,11,1,1,36.120909090909095,2744.85,69.0,2679.5,59.0,2555.1,64.0,2256.0499999999997,60.0,137.14285714285714
2015-11-02,2299.1,138,56,16.6507299270073,30,65,41,0,11,2,0,41.05535714285714,1986.65,55.0,1837.05,45.0,2339.8,55.0,2157.0714285714284,59.42857142857143,132.0
2015-11-03,1828.55,114,49,16.054017857142856,31,54,40,1,11,3,0,37.31734693877551,2299.1,56.0,1988.65,62.0,1795.3,45.0,2223.078571428571,61.0,135.42857142857142
2015-11-04,1966.1,121,49,16.248760330578513,29,43,60,2,11,4,0,40.124489795918365,1828.55,49.0,1635.95,63.0,2437.15,63.0,2200.207142857143,59.142857142857146,134.57142857142858
2015-11-05,2180.35,124,58,17.583467741935483,30,52,42,3,11,5,0,37.592241379310344,1966.1,49.0,2169.75,59.0,2460.5,56.0,2247.371428571428,57.142857142857146,137.0
2015-11-06,3157.5,190,73,16.604594594594595,32,83,71,4,11,6,0,43.25342465753425,2180.35,58.0,2736.6,63.0,2400.9,57.0,2248.885714285714,57.0,136.0
2015-11-07,2580.95,156,61,16.54455128205128,32,31,77,5,11,7,1,42.31065573770491,3157.5,73.0,2744.85,69.0,2610.65,72.0,2309.0142857142855,58.42857142857143,139.42857142857142
2015-11-08,2110.15,127,48,16.5852,30,43,52,6,11,8,1,43.96145833333333,2580.95,61.0,1986.65,55.0,2679.5,59.0,2285.6,57.285714285714285,138.14285714285714
2015-11-09,2483.75,151,61,16.465753424657535,32,70,49,0,11,9,0,40.717213114754095,2110.15,48.0,2299.1,56.0,1837.05,45.0,2303.242857142857,56.285714285714285,138.57142857142858
2015-11-10,2042.6,126,62,16.168852459016392,30,45,60,1,11,10,0,32.94516129032258,2483.75,61.0,1828.55,49.0,1988.65,62.0,2329.6214285714286,57.0,140.42857142857142
2015-11-11,1946.2,118,48,16.493103448275864,29,54,33,2,11,11,0,40.545833333333334,2042.6,62.0,1966.1,49.0,1635.95,63.0,2360.2,58.857142857142854,142.14285714285714
2015-11-12,2564.8,153,59,16.746938775510205,31,57,58,3,11,12,0,43.47118644067797,1946.2,48.0,2180.35,58.0,2169.75,59.0,2357.3571428571427,58.714285714285715,141.71428571428572
2015-11-13,2264.55,141,67,16.08129496402878,31,50,68,4,11,13,0,33.799253731343285,2564.8,59.0,3157.5,73.0,2736.6,63.0,2412.2785714285715,58.857142857142854,145.85714285714286
2015-11-14,2324.75,142,58,16.3375,31,37,67,5,11,14,1,40.081896551724135,2264.55,67.0,2580.95,61.0,2744.85,69.0,2284.714285714286,58.0,138.85714285714286
2015-11-15,1821.65,113,45,16.12079646017699,29,40,46,6,11,15,1,40.48111111111111,2324.75,58.0,2110.15,48.0,1986.65,55.0,2248.1142857142854,57.57142857142857,136.85714285714286
2015-11-16,2256.65,136,61,16.57888888888889,30,63,52,0,11,16,0,36.99426229508197,1821.65,45.0,2483.75,61.0,2299.1,56.0,2206.9,57.142857142857146,134.85714285714286
2015-11-17,1956.55,117,49,16.799115044247788,31,51,53,1,11,17,0,39.929591836734694,2256.65,61.0,2042.6,62.0,1828.55,49.0,2174.457142857143,57.142857142857146,132.71428571428572
2015-11-18,2111.7,130,46,16.276446280991735,31,68,31,2,11,18,0,45.90652173913043,1956.55,49.0,1946.2,48.0,1966.1,49.0,2162.164285714286,55.285714285714285,131.42857142857142
2015-11-19,2694.9,162,67,16.643788819875777,31,69,70,3,11,19,0,40.222388059701494,2111.7,46.0,2564.8,59.0,2180.35,58.0,2185.807142857143,55.0,133.14285714285714
2015-11-20,2388.1,148,65,16.131632653061224,32,55,67,4,11,20,0,36.74,2694.9,67.0,2264.55,67.0,3157.5,73.0,2204.3928571428573,56.142857142857146,134.42857142857142
2015-11-21,2083.95,131,61,15.943410852713177,32,31,73,5,11,21,1,34.16311475409836,2388.1,65.0,2324.75,58.0,2580.95,61.0,2222.042857142857,55.857142857142854,135.42857142857142
2015-11-22,1368.7,84,43,16.298170731707316,28,26,34,6,11,22,1,31.830232558139535,2083.95,61.0,1821.65,45.0,2110.15,48.0,2187.6428571428573,56.285714285714285,133.85714285714286
2015-11-23,2465.15,148,56,16.67711267605634,31,75,46,0,11,23,0,44.020535714285714,1368.7,43.0,2256.65,61.0,2483.75,61.0,2122.9357142857143,56.0,129.71428571428572
2015-11-24,2230.05,131,52,16.98294573643411,31,45,37,1,11,24,0,42.885576923076925,2465.15,56.0,1956.55,49.0,2042.6,62.0,2152.7214285714285,55.285714285714285,131.42857142857142
2015-11-25,2363.25,144,61,16.377659574468087,31,60,64,2,11,25,0,38.74180327868852,2230.05,52.0,2111.7,46.0,1946.2,48.0,2191.792857142857,55.714285714285715,133.42857142857142
2015-11-26,4405.95,266,113,16.53620689655172,32,94,122,3,11,26,0,38.99070796460177,2363.25,61.0,2694.9,67.0,2564.8,59.0,2227.7285714285713,57.857142857142854,135.42857142857142
2015-11-27,4422.45,264,115,16.767181467181466,32,67,127,4,11,27,0,38.45608695652174,4405.95,113.0,2388.1,65.0,2264.55,67.0,2472.164285714286,64.42857142857143,150.28571428571428
2015-11-28,1968.05,118,48,16.754741379310346,31,26,57,5,11,28,1,41.001041666666666,4422.45,115.0,2083.95,61.0,2324.75,58.0,2762.785714285714,71.57142857142857,166.85714285714286
2015-11-29,1899.0,115,46,16.40765765765766,31,44,54,6,11,29,1,41.28260869565217,1968.05,48.0,1368.7,43.0,1821.65,45.0,2746.2285714285713,69.71428571428571,165.0
2015-11-30,2223.25,134,60,16.625,30,55,50,0,11,30,0,37.05416666666667,1899.0,46.0,2465.15,56.0,2256.65,61.0,2821.985714285714,70.14285714285714,169.42857142857142
2015-12-01,2076.7,131,61,15.84108527131783,31,66,50,1,12,1,0,34.044262295081964,2223.25,60.0,2230.05,52.0,1956.55,49.0,2787.4285714285716,70.71428571428571,167.42857142857142
2015-12-02,2214.1,132,59,16.743129770992365,32,64,40,2,12,2,0,37.5271186440678,2076.7,61.0,2363.25,61.0,2111.7,46.0,2765.5214285714283,72.0,167.42857142857142
2015-12-03,2243.2,136,56,16.484962406015036,30,53,70,3,12,3,0,40.05714285714286,2214.1,59.0,4405.95,113.0,2694.9,67.0,2744.214285714286,71.71428571428571,165.71428571428572
2015-12-04,2878.35,176,72,16.33150289017341,32,60,70,4,12,4,0,39.97708333333333,2243.2,56.0,4422.45,115.0,2388.1,65.0,2435.25,63.57142857142857,147.14285714285714
2015-12-05,2627.95,160,61,16.479113924050633,30,60,69,5,12,5,1,43.0811475409836,2878.35,72.0,1968.05,48.0,2083.95,61.0,2214.6642857142856,57.42857142857143,134.57142857142858
2015-12-06,2350.25,144,55,16.314285714285713,32,44,70,6,12,6,1,42.731818181818184,2627.95,61.0,1899.0,46.0,1368.7,43.0,2308.9357142857143,59.285714285714285,140.57142857142858
2015-12-07,2414.8,150,59,16.15170068027211,30,55,68,0,12,7,0,40.92881355932204,2350.25,55.0,2223.25,60.0,2465.15,56.0,2373.4,60.57142857142857,144.71428571428572
2015-12-08,1856.25,110,50,16.915137614678898,30,47,41,1,12,8,0,37.125,2414.8,59.0,2076.7,61.0,2230.05,52.0,2400.7642857142855,60.42857142857143,147.0
2015-12-09,2571.55,160,65,16.03397435897436,31,60,65,2,12,9,0,39.5623076923077,1856.25,50.0,2214.1,59.0,2363.25,61.0,2369.2714285714283,58.857142857142854,144.0
2015-12-10,1985.6,118,62,16.827118644067795,30,53,47,3,12,10,0,32.0258064516129,2571.55,65.0,2243.2,56.0,4405.95,113.0,2420.335714285714,59.714285714285715,148.0
2015-12-11,2634.0,164,73,15.97360248447205,31,57,69,4,12,11,0,36.082191780821915,1985.6,62.0,2878.35,72.0,4422.45,115.0,2383.535714285714,60.57142857142857,145.42857142857142
2015-12-12,1960.15,127,56,15.487200000000001,30,46,55,5,12,12,1,35.002678571428575,2634.0,73.0,2627.95,61.0,1968.05,48.0,2348.628571428572,60.714285714285715,143.71428571428572
2015-12-13,2245.15,130,52,17.193650793650793,31,45,58,6,12,13,1,43.17596153846154,1960.15,56.0,2350.25,55.0,1899.0,46.0,2253.2285714285713,60.0,139.0
2015-12-14,2172.6,131,58,16.58473282442748,32,54,53,0,12,14,0,37.45862068965517,2245.15,52.0,2414.8,59.0,2223.25,60.0,2238.214285714286,59.57142857142857,137.0
2015-12-15,2387.45,146,58,16.2943661971831,31,60,64,1,12,15,0,41.16293103448275,2172.6,58.0,1856.25,50.0,2076.7,61.0,2203.614285714286,59.42857142857143,134.28571428571428
2015-12-16,2234.8,133,69,16.803007518796996,32,56,61,2,12,16,0,32.38840579710145,2387.45,58.0,2571.55,65.0,2214.1,59.0,2279.5,60.57142857142857,139.42857142857142
2015-12-17,1880.75,113,57,16.66590909090909,32,40,54,3,12,17,0,32.99561403508772,2234.8,69.0,1985.6,62.0,2243.2,56.0,2231.3928571428573,61.142857142857146,135.57142857142858
2015-12-18,2886.3,176,76,16.424137931034483,32,72,86,4,12,18,0,37.977631578947374,1880.75,57.0,2634.0,73.0,2878.35,72.0,2216.4142857142856,60.42857142857143,134.85714285714286
2015-12-19,2304.2,139,59,16.577536231884057,32,44,69,5,12,19,1,39.05423728813559,2886.3,76.0,1960.15,56.0,2627.95,61.0,2252.457142857143,60.857142857142854,136.57142857142858
2015-12-20,2104.9,124,53,16.95204918032787,29,48,58,6,12,20,1,39.715094339622645,2304.2,59.0,2245.15,52.0,2350.25,55.0,2301.6071428571427,61.285714285714285,138.28571428571428
2015-12-21,2100.7,130,55,16.120703125,32,67,37,0,12,21,0,38.19454545454545,2104.9,53.0,2172.6,58.0,2414.8,59.0,2281.5714285714284,61.42857142857143,137.42857142857142
2015-12-22,1882.95,114,58,16.52882882882883,31,41,37,1,12,22,0,32.46465517241379,2100.7,55.0,2387.45,58.0,1856.25,50.0,2271.3,61.0,137.28571428571428
2015-12-23,2244.3,134,56,16.733076923076926,30,53,59,2,12,23,0,40.07678571428572,1882.95,58.0,2234.8,69.0,2571.55,65.0,2199.2285714285713,61.0,132.71428571428572
2015-12-24,2137.85,131,56,16.285658914728682,30,50,51,3,12,24,0,38.175892857142856,2244.3,56.0,1880.75,57.0,1985.6,62.0,2200.5857142857144,59.142857142857146,132.85714285714286
2015-12-26,1643.05,95,38,17.295263157894738,31,31,35,5,12,26,1,43.238157894736844,2137.85,56.0,2886.3,76.0,2634.0,73.0,2237.3142857142857,59.0,135.42857142857142
2015-12-27,1419.0,89,35,15.966091954022987,29,22,23,6,12,27,1,40.542857142857144,1643.05,38.0,2304.2,59.0,1960.15,56.0,2059.707142857143,53.57142857142857,123.85714285714286
2015-12-28,1637.2,102,39,16.050980392156863,31,44,43,0,12,28,0,41.97948717948718,1419.0,35.0,2104.9,53.0,2245.15,52.0,1933.25,50.142857142857146,116.71428571428571
2015-12-29,1353.25,80,27,17.045454545454547,29,42,24,1,12,29,0,50.120370370370374,1637.2,39.0,2100.7,55.0,2172.6,58.0,1866.4357142857145,48.142857142857146,113.57142857142857
2015-12-30,1337.8,82,32,16.46095890410959,28,41,23,2,12,30,0,41.80625,1353.25,27.0,1882.95,58.0,2387.45,58.0,1759.6571428571428,44.142857142857146,106.42857142857143
2015-12-31,2916.0,178,73,16.390350877192983,32,42,87,3,12,31,0,39.945205479452056,1337.8,32.0,2244.3,56.0,2234.8,69.0,1681.7785714285715,40.42857142857143,101.85714285714286
